Team,Down,Distance Bucket,Play Type,2022 %,2023 %,2024 %,2022→2023 Change,2023→2024 Change
ARI,1,long,Pass,48.6%,48.9%,48.9%,0.3 %,-0.0 %
ARI,1,long,Run,51.4%,51.1%,51.1%,-0.3 %,0.0 %
ARI,1,medium,Pass,11.1%,31.2%,47.1%,20.1 %,15.8 %
ARI,1,medium,Run,88.9%,68.8%,52.9%,-20.1 %,-15.8 %
ARI,1,short,Pass,22.2%,37.5%,41.7%,15.3 %,4.2 %
ARI,1,short,Run,77.8%,62.5%,58.3%,-15.3 %,-4.2 %
ARI,1,very long,Pass,81.8%,64.3%,56.0%,-17.5 %,-8.3 %
ARI,1,very long,Run,18.2%,35.7%,44.0%,17.5 %,8.3 %
ARI,2,long,Pass,79.7%,45.0%,58.7%,-34.8 %,13.8 %
ARI,2,long,Run,20.3%,55.0%,41.3%,34.8 %,-13.8 %
ARI,2,medium,Pass,71.9%,58.8%,62.2%,-13.1 %,3.4 %
ARI,2,medium,Run,28.1%,41.2%,37.8%,13.1 %,-3.4 %
ARI,2,short,Pass,28.6%,39.2%,38.3%,10.6 %,-0.9 %
ARI,2,short,Run,71.4%,60.8%,61.7%,-10.6 %,0.9 %
ARI,2,very long,Pass,77.0%,71.9%,78.2%,-5.2 %,6.3 %
ARI,2,very long,Run,23.0%,28.1%,21.8%,5.2 %,-6.3 %
ARI,3,long,Pass,81.6%,86.0%,77.8%,4.4 %,-8.2 %
ARI,3,long,Run,18.4%,14.0%,22.2%,-4.4 %,8.2 %
ARI,3,medium,Pass,87.8%,87.7%,81.2%,-0.1 %,-6.4 %
ARI,3,medium,Run,12.2%,12.3%,18.8%,0.1 %,6.4 %
ARI,3,short,Pass,37.9%,42.6%,38.2%,4.6 %,-4.4 %
ARI,3,short,Run,62.1%,57.4%,61.8%,-4.6 %,4.4 %
ARI,3,very long,Pass,90.6%,75.5%,63.3%,-15.1 %,-12.1 %
ARI,3,very long,Run,9.4%,24.5%,36.7%,15.1 %,12.1 %
ARI,4,long,Pass,nan%,100.0%,100.0%,nan %,0.0 %
ARI,4,long,Run,nan%,0.0%,0.0%,nan %,0.0 %
ARI,4,medium,Pass,81.8%,77.8%,75.0%,-4.0 %,-2.8 %
ARI,4,medium,Run,18.2%,22.2%,25.0%,4.0 %,2.8 %
ARI,4,short,Pass,61.5%,50.0%,36.4%,-11.5 %,-13.6 %
ARI,4,short,Run,38.5%,50.0%,63.6%,11.5 %,13.6 %
ARI,4,very long,Pass,75.0%,100.0%,100.0%,25.0 %,0.0 %
ARI,4,very long,Run,25.0%,0.0%,0.0%,-25.0 %,0.0 %
ATL,1,long,Pass,31.8%,42.4%,39.5%,10.6 %,-2.9 %
ATL,1,long,Run,68.2%,57.6%,60.5%,-10.6 %,2.9 %
ATL,1,medium,Pass,10.5%,21.1%,9.1%,10.5 %,-12.0 %
ATL,1,medium,Run,89.5%,78.9%,90.9%,-10.5 %,12.0 %
ATL,1,short,Pass,40.0%,50.0%,28.6%,10.0 %,-21.4 %
ATL,1,short,Run,60.0%,50.0%,71.4%,-10.0 %,21.4 %
ATL,1,very long,Pass,69.2%,61.5%,73.1%,-7.7 %,11.5 %
ATL,1,very long,Run,30.8%,38.5%,26.9%,7.7 %,-11.5 %
ATL,2,long,Pass,56.5%,61.4%,83.0%,4.9 %,21.6 %
ATL,2,long,Run,43.5%,38.6%,17.0%,-4.9 %,-21.6 %
ATL,2,medium,Pass,44.9%,49.2%,48.7%,4.2 %,-0.4 %
ATL,2,medium,Run,55.1%,50.8%,51.3%,-4.2 %,0.4 %
ATL,2,short,Pass,26.9%,31.5%,22.9%,4.6 %,-8.6 %
ATL,2,short,Run,73.1%,68.5%,77.1%,-4.6 %,8.6 %
ATL,2,very long,Pass,72.7%,67.3%,87.3%,-5.4 %,19.9 %
ATL,2,very long,Run,27.3%,32.7%,12.7%,5.4 %,-19.9 %
ATL,3,long,Pass,85.7%,83.6%,94.6%,-2.1 %,11.0 %
ATL,3,long,Run,14.3%,16.4%,5.4%,2.1 %,-11.0 %
ATL,3,medium,Pass,81.8%,80.8%,93.9%,-1.0 %,13.1 %
ATL,3,medium,Run,18.2%,19.2%,6.1%,1.0 %,-13.1 %
ATL,3,short,Pass,27.0%,37.7%,37.1%,10.7 %,-0.6 %
ATL,3,short,Run,73.0%,62.3%,62.9%,-10.7 %,0.6 %
ATL,3,very long,Pass,87.9%,91.7%,88.1%,3.8 %,-3.6 %
ATL,3,very long,Run,12.1%,8.3%,11.9%,-3.8 %,3.6 %
ATL,4,long,Pass,100.0%,100.0%,nan%,0.0 %,nan %
ATL,4,long,Run,0.0%,0.0%,nan%,0.0 %,nan %
ATL,4,medium,Pass,100.0%,75.0%,100.0%,-25.0 %,25.0 %
ATL,4,medium,Run,0.0%,25.0%,0.0%,25.0 %,-25.0 %
ATL,4,short,Pass,33.3%,46.2%,55.6%,12.8 %,9.4 %
ATL,4,short,Run,66.7%,53.8%,44.4%,-12.8 %,-9.4 %
ATL,4,very long,Pass,50.0%,100.0%,100.0%,50.0 %,0.0 %
ATL,4,very long,Run,50.0%,0.0%,0.0%,-50.0 %,0.0 %
BAL,1,long,Pass,42.8%,44.1%,38.8%,1.3 %,-5.3 %
BAL,1,long,Run,57.2%,55.9%,61.2%,-1.3 %,5.3 %
BAL,1,medium,Pass,33.3%,17.6%,18.2%,-15.7 %,0.5 %
BAL,1,medium,Run,66.7%,82.4%,81.8%,15.7 %,-0.5 %
BAL,1,short,Pass,40.0%,9.1%,18.2%,-30.9 %,9.1 %
BAL,1,short,Run,60.0%,90.9%,81.8%,30.9 %,-9.1 %
BAL,1,very long,Pass,72.2%,54.2%,57.1%,-18.1 %,3.0 %
BAL,1,very long,Run,27.8%,45.8%,42.9%,18.1 %,-3.0 %
BAL,2,long,Pass,68.5%,64.4%,56.8%,-4.0 %,-7.7 %
BAL,2,long,Run,31.5%,35.6%,43.2%,4.0 %,7.7 %
BAL,2,medium,Pass,49.2%,43.8%,38.7%,-5.3 %,-5.1 %
BAL,2,medium,Run,50.8%,56.2%,61.3%,5.3 %,5.1 %
BAL,2,short,Pass,11.5%,30.9%,24.6%,19.3 %,-6.3 %
BAL,2,short,Run,88.5%,69.1%,75.4%,-19.3 %,6.3 %
BAL,2,very long,Pass,74.1%,69.1%,63.8%,-5.0 %,-5.3 %
BAL,2,very long,Run,25.9%,30.9%,36.2%,5.0 %,5.3 %
BAL,3,long,Pass,79.2%,97.4%,93.0%,18.1 %,-4.3 %
BAL,3,long,Run,20.8%,2.6%,7.0%,-18.1 %,4.3 %
BAL,3,medium,Pass,82.6%,84.9%,85.7%,2.3 %,0.8 %
BAL,3,medium,Run,17.4%,15.1%,14.3%,-2.3 %,-0.8 %
BAL,3,short,Pass,15.7%,27.3%,14.9%,11.6 %,-12.3 %
BAL,3,short,Run,84.3%,72.7%,85.1%,-11.6 %,12.3 %
BAL,3,very long,Pass,82.4%,66.7%,92.7%,-15.7 %,26.0 %
BAL,3,very long,Run,17.6%,33.3%,7.3%,15.7 %,-26.0 %
BAL,4,long,Pass,100.0%,nan%,75.0%,nan %,nan %
BAL,4,long,Run,0.0%,nan%,25.0%,nan %,nan %
BAL,4,medium,Pass,100.0%,100.0%,nan%,0.0 %,nan %
BAL,4,medium,Run,0.0%,0.0%,nan%,0.0 %,nan %
BAL,4,short,Pass,15.8%,21.4%,33.3%,5.6 %,11.9 %
BAL,4,short,Run,84.2%,78.6%,66.7%,-5.6 %,-11.9 %
BAL,4,very long,Pass,100.0%,100.0%,nan%,0.0 %,nan %
BAL,4,very long,Run,0.0%,0.0%,nan%,0.0 %,nan %
BUF,1,long,Pass,56.0%,47.7%,40.1%,-8.2 %,-7.6 %
BUF,1,long,Run,44.0%,52.3%,59.9%,8.2 %,7.6 %
BUF,1,medium,Pass,47.4%,23.1%,39.1%,-24.3 %,16.1 %
BUF,1,medium,Run,52.6%,76.9%,60.9%,24.3 %,-16.1 %
BUF,1,short,Pass,20.0%,7.7%,6.7%,-12.3 %,-1.0 %
BUF,1,short,Run,80.0%,92.3%,93.3%,12.3 %,1.0 %
BUF,1,very long,Pass,66.7%,82.4%,55.6%,15.7 %,-26.8 %
BUF,1,very long,Run,33.3%,17.6%,44.4%,-15.7 %,26.8 %
BUF,2,long,Pass,64.0%,73.5%,72.7%,9.5 %,-0.8 %
BUF,2,long,Run,36.0%,26.5%,27.3%,-9.5 %,0.8 %
BUF,2,medium,Pass,56.8%,51.9%,47.6%,-4.8 %,-4.3 %
BUF,2,medium,Run,43.2%,48.1%,52.4%,4.8 %,4.3 %
BUF,2,short,Pass,50.0%,25.0%,22.2%,-25.0 %,-2.8 %
BUF,2,short,Run,50.0%,75.0%,77.8%,25.0 %,2.8 %
BUF,2,very long,Pass,75.0%,84.6%,75.0%,9.6 %,-9.6 %
BUF,2,very long,Run,25.0%,15.4%,25.0%,-9.6 %,9.6 %
BUF,3,long,Pass,88.0%,85.5%,89.1%,-2.5 %,3.6 %
BUF,3,long,Run,12.0%,14.5%,10.9%,2.5 %,-3.6 %
BUF,3,medium,Pass,75.8%,82.4%,90.5%,6.6 %,8.0 %
BUF,3,medium,Run,24.2%,17.6%,9.5%,-6.6 %,-8.0 %
BUF,3,short,Pass,52.0%,29.6%,38.8%,-22.4 %,9.2 %
BUF,3,short,Run,48.0%,70.4%,61.2%,22.4 %,-9.2 %
BUF,3,very long,Pass,83.3%,79.4%,88.2%,-3.9 %,8.8 %
BUF,3,very long,Run,16.7%,20.6%,11.8%,3.9 %,-8.8 %
BUF,4,long,Pass,nan%,nan%,100.0%,nan %,nan %
BUF,4,long,Run,nan%,nan%,0.0%,nan %,nan %
BUF,4,medium,Pass,100.0%,0.0%,80.0%,-100.0 %,80.0 %
BUF,4,medium,Run,0.0%,100.0%,20.0%,100.0 %,-80.0 %
BUF,4,short,Pass,64.3%,57.9%,36.0%,-6.4 %,-21.9 %
BUF,4,short,Run,35.7%,42.1%,64.0%,6.4 %,21.9 %
BUF,4,very long,Pass,100.0%,nan%,nan%,nan %,nan %
BUF,4,very long,Run,0.0%,nan%,nan%,nan %,nan %
CAR,1,long,Pass,46.6%,50.4%,46.7%,3.7 %,-3.7 %
CAR,1,long,Run,53.4%,49.6%,53.3%,-3.7 %,3.7 %
CAR,1,medium,Pass,25.0%,28.6%,41.7%,3.6 %,13.1 %
CAR,1,medium,Run,75.0%,71.4%,58.3%,-3.6 %,-13.1 %
CAR,1,short,Pass,80.0%,25.0%,30.0%,-55.0 %,5.0 %
CAR,1,short,Run,20.0%,75.0%,70.0%,55.0 %,-5.0 %
CAR,1,very long,Pass,46.2%,70.0%,72.7%,23.8 %,2.7 %
CAR,1,very long,Run,53.8%,30.0%,27.3%,-23.8 %,-2.7 %
CAR,2,long,Pass,52.3%,66.2%,69.7%,13.8 %,3.5 %
CAR,2,long,Run,47.7%,33.8%,30.3%,-13.8 %,-3.5 %
CAR,2,medium,Pass,47.9%,43.9%,55.7%,-4.1 %,11.8 %
CAR,2,medium,Run,52.1%,56.1%,44.3%,4.1 %,-11.8 %
CAR,2,short,Pass,25.5%,39.3%,36.2%,13.8 %,-3.1 %
CAR,2,short,Run,74.5%,60.7%,63.8%,-13.8 %,3.1 %
CAR,2,very long,Pass,51.0%,84.0%,80.6%,33.0 %,-3.4 %
CAR,2,very long,Run,49.0%,16.0%,19.4%,-33.0 %,3.4 %
CAR,3,long,Pass,81.8%,91.3%,93.9%,9.5 %,2.6 %
CAR,3,long,Run,18.2%,8.7%,6.1%,-9.5 %,-2.6 %
CAR,3,medium,Pass,74.3%,83.3%,84.9%,9.0 %,1.6 %
CAR,3,medium,Run,25.7%,16.7%,15.1%,-9.0 %,-1.6 %
CAR,3,short,Pass,29.4%,49.3%,54.5%,19.9 %,5.2 %
CAR,3,short,Run,70.6%,50.7%,45.5%,-19.9 %,-5.2 %
CAR,3,very long,Pass,78.4%,93.6%,85.3%,15.2 %,-8.3 %
CAR,3,very long,Run,21.6%,6.4%,14.7%,-15.2 %,8.3 %
CAR,4,long,Pass,100.0%,100.0%,100.0%,0.0 %,0.0 %
CAR,4,long,Run,0.0%,0.0%,0.0%,0.0 %,0.0 %
CAR,4,medium,Pass,100.0%,90.9%,100.0%,-9.1 %,9.1 %
CAR,4,medium,Run,0.0%,9.1%,0.0%,9.1 %,-9.1 %
CAR,4,short,Pass,25.0%,51.9%,63.2%,26.9 %,11.3 %
CAR,4,short,Run,75.0%,48.1%,36.8%,-26.9 %,-11.3 %
CAR,4,very long,Pass,100.0%,66.7%,100.0%,-33.3 %,33.3 %
CAR,4,very long,Run,0.0%,33.3%,0.0%,33.3 %,-33.3 %
CHI,1,long,Pass,41.4%,45.5%,49.3%,4.1 %,3.8 %
CHI,1,long,Run,58.6%,54.5%,50.7%,-4.1 %,-3.8 %
CHI,1,medium,Pass,27.3%,33.3%,15.4%,6.1 %,-17.9 %
CHI,1,medium,Run,72.7%,66.7%,84.6%,-6.1 %,17.9 %
CHI,1,short,Pass,0.0%,30.8%,40.0%,30.8 %,9.2 %
CHI,1,short,Run,100.0%,69.2%,60.0%,-30.8 %,-9.2 %
CHI,1,very long,Pass,35.0%,57.9%,66.7%,22.9 %,8.8 %
CHI,1,very long,Run,65.0%,42.1%,33.3%,-22.9 %,-8.8 %
CHI,2,long,Pass,41.0%,44.5%,63.6%,3.5 %,19.1 %
CHI,2,long,Run,59.0%,55.5%,36.4%,-3.5 %,-19.1 %
CHI,2,medium,Pass,36.7%,43.5%,55.5%,6.9 %,11.9 %
CHI,2,medium,Run,63.3%,56.5%,44.5%,-6.9 %,-11.9 %
CHI,2,short,Pass,25.0%,33.3%,35.1%,8.3 %,1.8 %
CHI,2,short,Run,75.0%,66.7%,64.9%,-8.3 %,-1.8 %
CHI,2,very long,Pass,45.5%,74.6%,88.1%,29.1 %,13.5 %
CHI,2,very long,Run,54.5%,25.4%,11.9%,-29.1 %,-13.5 %
CHI,3,long,Pass,64.1%,80.9%,86.7%,16.7 %,5.8 %
CHI,3,long,Run,35.9%,19.1%,13.3%,-16.7 %,-5.8 %
CHI,3,medium,Pass,67.1%,77.5%,82.9%,10.5 %,5.4 %
CHI,3,medium,Run,32.9%,22.5%,17.1%,-10.5 %,-5.4 %
CHI,3,short,Pass,23.1%,44.6%,51.9%,21.6 %,7.2 %
CHI,3,short,Run,76.9%,55.4%,48.1%,-21.6 %,-7.2 %
CHI,3,very long,Pass,81.8%,80.0%,86.8%,-1.8 %,6.8 %
CHI,3,very long,Run,18.2%,20.0%,13.2%,1.8 %,-6.8 %
CHI,4,long,Pass,100.0%,100.0%,100.0%,0.0 %,0.0 %
CHI,4,long,Run,0.0%,0.0%,0.0%,0.0 %,0.0 %
CHI,4,medium,Pass,60.0%,100.0%,80.0%,40.0 %,-20.0 %
CHI,4,medium,Run,40.0%,0.0%,20.0%,-40.0 %,20.0 %
CHI,4,short,Pass,41.7%,29.4%,63.6%,-12.3 %,34.2 %
CHI,4,short,Run,58.3%,70.6%,36.4%,12.3 %,-34.2 %
CHI,4,very long,Pass,100.0%,100.0%,100.0%,0.0 %,0.0 %
CHI,4,very long,Run,0.0%,0.0%,0.0%,0.0 %,0.0 %
CIN,1,long,Pass,57.3%,53.8%,52.2%,-3.5 %,-1.6 %
CIN,1,long,Run,42.7%,46.2%,47.8%,3.5 %,1.6 %
CIN,1,medium,Pass,39.1%,42.9%,40.0%,3.7 %,-2.9 %
CIN,1,medium,Run,60.9%,57.1%,60.0%,-3.7 %,2.9 %
CIN,1,short,Pass,45.5%,45.5%,52.4%,0.0 %,6.9 %
CIN,1,short,Run,54.5%,54.5%,47.6%,0.0 %,-6.9 %
CIN,1,very long,Pass,50.0%,66.7%,87.5%,16.7 %,20.8 %
CIN,1,very long,Run,50.0%,33.3%,12.5%,-16.7 %,-20.8 %
CIN,2,long,Pass,80.9%,77.1%,85.7%,-3.8 %,8.6 %
CIN,2,long,Run,19.1%,22.9%,14.3%,3.8 %,-8.6 %
CIN,2,medium,Pass,63.3%,68.5%,73.6%,5.2 %,5.2 %
CIN,2,medium,Run,36.7%,31.5%,26.4%,-5.2 %,-5.2 %
CIN,2,short,Pass,31.7%,46.3%,43.2%,14.6 %,-3.1 %
CIN,2,short,Run,68.3%,53.7%,56.8%,-14.6 %,3.1 %
CIN,2,very long,Pass,79.6%,69.8%,81.8%,-9.9 %,12.1 %
CIN,2,very long,Run,20.4%,30.2%,18.2%,9.9 %,-12.1 %
CIN,3,long,Pass,87.5%,87.0%,86.5%,-0.5 %,-0.6 %
CIN,3,long,Run,12.5%,13.0%,13.5%,0.5 %,0.6 %
CIN,3,medium,Pass,88.3%,98.2%,91.3%,9.9 %,-6.9 %
CIN,3,medium,Run,11.7%,1.8%,8.7%,-9.9 %,6.9 %
CIN,3,short,Pass,53.0%,61.5%,71.4%,8.5 %,9.9 %
CIN,3,short,Run,47.0%,38.5%,28.6%,-8.5 %,-9.9 %
CIN,3,very long,Pass,90.5%,84.6%,77.4%,-5.9 %,-7.2 %
CIN,3,very long,Run,9.5%,15.4%,22.6%,5.9 %,7.2 %
CIN,4,long,Pass,nan%,nan%,100.0%,nan %,nan %
CIN,4,long,Run,nan%,nan%,0.0%,nan %,nan %
CIN,4,medium,Pass,100.0%,100.0%,100.0%,0.0 %,0.0 %
CIN,4,medium,Run,0.0%,0.0%,0.0%,0.0 %,0.0 %
CIN,4,short,Pass,44.4%,45.5%,88.2%,1.0 %,42.8 %
CIN,4,short,Run,55.6%,54.5%,11.8%,-1.0 %,-42.8 %
CIN,4,very long,Pass,nan%,66.7%,nan%,nan %,nan %
CIN,4,very long,Run,nan%,33.3%,nan%,nan %,nan %
CLE,1,long,Pass,38.6%,48.3%,58.6%,9.7 %,10.3 %
CLE,1,long,Run,61.4%,51.7%,41.4%,-9.7 %,-10.3 %
CLE,1,medium,Pass,46.2%,58.3%,54.5%,12.2 %,-3.8 %
CLE,1,medium,Run,53.8%,41.7%,45.5%,-12.2 %,3.8 %
CLE,1,short,Pass,42.9%,25.0%,25.0%,-17.9 %,0.0 %
CLE,1,short,Run,57.1%,75.0%,75.0%,17.9 %,0.0 %
CLE,1,very long,Pass,73.3%,77.3%,91.7%,3.9 %,14.4 %
CLE,1,very long,Run,26.7%,22.7%,8.3%,-3.9 %,-14.4 %
CLE,2,long,Pass,58.8%,66.0%,73.1%,7.3 %,7.1 %
CLE,2,long,Run,41.2%,34.0%,26.9%,-7.3 %,-7.1 %
CLE,2,medium,Pass,51.4%,47.0%,55.1%,-4.4 %,8.1 %
CLE,2,medium,Run,48.6%,53.0%,44.9%,4.4 %,-8.1 %
CLE,2,short,Pass,40.0%,33.8%,40.0%,-6.2 %,6.2 %
CLE,2,short,Run,60.0%,66.2%,60.0%,6.2 %,-6.2 %
CLE,2,very long,Pass,78.0%,72.1%,76.5%,-5.8 %,4.3 %
CLE,2,very long,Run,22.0%,27.9%,23.5%,5.8 %,-4.3 %
CLE,3,long,Pass,92.3%,91.7%,89.7%,-0.6 %,-2.0 %
CLE,3,long,Run,7.7%,8.3%,10.3%,0.6 %,2.0 %
CLE,3,medium,Pass,85.9%,78.3%,87.2%,-7.6 %,8.9 %
CLE,3,medium,Run,14.1%,21.7%,12.8%,7.6 %,-8.9 %
CLE,3,short,Pass,35.5%,40.3%,40.4%,4.8 %,0.1 %
CLE,3,short,Run,64.5%,59.7%,59.6%,-4.8 %,-0.1 %
CLE,3,very long,Pass,81.4%,92.9%,92.6%,11.5 %,-0.3 %
CLE,3,very long,Run,18.6%,7.1%,7.4%,-11.5 %,0.3 %
CLE,4,long,Pass,100.0%,100.0%,66.7%,0.0 %,-33.3 %
CLE,4,long,Run,0.0%,0.0%,33.3%,0.0 %,33.3 %
CLE,4,medium,Pass,81.8%,100.0%,90.9%,18.2 %,-9.1 %
CLE,4,medium,Run,18.2%,0.0%,9.1%,-18.2 %,9.1 %
CLE,4,short,Pass,32.0%,33.3%,35.7%,1.3 %,2.4 %
CLE,4,short,Run,68.0%,66.7%,64.3%,-1.3 %,-2.4 %
CLE,4,very long,Pass,100.0%,100.0%,100.0%,0.0 %,0.0 %
CLE,4,very long,Run,0.0%,0.0%,0.0%,0.0 %,0.0 %
DAL,1,long,Pass,43.8%,51.9%,55.0%,8.1 %,3.1 %
DAL,1,long,Run,56.2%,48.1%,45.0%,-8.1 %,-3.1 %
DAL,1,medium,Pass,46.7%,47.8%,35.7%,1.2 %,-12.1 %
DAL,1,medium,Run,53.3%,52.2%,64.3%,-1.2 %,12.1 %
DAL,1,short,Pass,41.7%,38.5%,0.0%,-3.2 %,-38.5 %
DAL,1,short,Run,58.3%,61.5%,100.0%,3.2 %,38.5 %
DAL,1,very long,Pass,14.3%,81.0%,56.0%,66.7 %,-25.0 %
DAL,1,very long,Run,85.7%,19.0%,44.0%,-66.7 %,25.0 %
DAL,2,long,Pass,62.6%,69.0%,67.9%,6.5 %,-1.2 %
DAL,2,long,Run,37.4%,31.0%,32.1%,-6.5 %,1.2 %
DAL,2,medium,Pass,46.2%,62.0%,58.4%,15.8 %,-3.6 %
DAL,2,medium,Run,53.8%,38.0%,41.6%,-15.8 %,3.6 %
DAL,2,short,Pass,48.3%,38.9%,40.0%,-9.4 %,1.1 %
DAL,2,short,Run,51.7%,61.1%,60.0%,9.4 %,-1.1 %
DAL,2,very long,Pass,73.3%,69.1%,67.9%,-4.2 %,-1.2 %
DAL,2,very long,Run,26.7%,30.9%,32.1%,4.2 %,1.2 %
DAL,3,long,Pass,98.2%,89.1%,92.2%,-9.1 %,3.0 %
DAL,3,long,Run,1.8%,10.9%,7.8%,9.1 %,-3.0 %
DAL,3,medium,Pass,83.3%,86.7%,86.4%,3.4 %,-0.3 %
DAL,3,medium,Run,16.7%,13.3%,13.6%,-3.4 %,0.3 %
DAL,3,short,Pass,35.2%,56.4%,42.6%,21.2 %,-13.8 %
DAL,3,short,Run,64.8%,43.6%,57.4%,-21.2 %,13.8 %
DAL,3,very long,Pass,86.5%,77.1%,82.9%,-9.3 %,5.8 %
DAL,3,very long,Run,13.5%,22.9%,17.1%,9.3 %,-5.8 %
DAL,4,long,Pass,nan%,100.0%,100.0%,nan %,0.0 %
DAL,4,long,Run,nan%,0.0%,0.0%,nan %,0.0 %
DAL,4,medium,Pass,66.7%,100.0%,100.0%,33.3 %,0.0 %
DAL,4,medium,Run,33.3%,0.0%,0.0%,-33.3 %,0.0 %
DAL,4,short,Pass,33.3%,57.9%,45.5%,24.6 %,-12.4 %
DAL,4,short,Run,66.7%,42.1%,54.5%,-24.6 %,12.4 %
DAL,4,very long,Pass,100.0%,nan%,100.0%,nan %,nan %
DAL,4,very long,Run,0.0%,nan%,0.0%,nan %,nan %
DEN,1,long,Pass,51.9%,51.4%,47.6%,-0.5 %,-3.8 %
DEN,1,long,Run,48.1%,48.6%,52.4%,0.5 %,3.8 %
DEN,1,medium,Pass,36.4%,58.3%,30.8%,22.0 %,-27.6 %
DEN,1,medium,Run,63.6%,41.7%,69.2%,-22.0 %,27.6 %
DEN,1,short,Pass,40.0%,33.3%,40.0%,-6.7 %,6.7 %
DEN,1,short,Run,60.0%,66.7%,60.0%,6.7 %,-6.7 %
DEN,1,very long,Pass,72.2%,47.1%,45.0%,-25.2 %,-2.1 %
DEN,1,very long,Run,27.8%,52.9%,55.0%,25.2 %,2.1 %
DEN,2,long,Pass,56.6%,60.5%,66.1%,3.8 %,5.6 %
DEN,2,long,Run,43.4%,39.5%,33.9%,-3.8 %,-5.6 %
DEN,2,medium,Pass,57.8%,52.7%,49.6%,-5.2 %,-3.1 %
DEN,2,medium,Run,42.2%,47.3%,50.4%,5.2 %,3.1 %
DEN,2,short,Pass,34.0%,34.8%,31.6%,0.8 %,-3.2 %
DEN,2,short,Run,66.0%,65.2%,68.4%,-0.8 %,3.2 %
DEN,2,very long,Pass,74.2%,79.5%,81.1%,5.3 %,1.6 %
DEN,2,very long,Run,25.8%,20.5%,18.9%,-5.3 %,-1.6 %
DEN,3,long,Pass,93.3%,88.4%,86.7%,-5.0 %,-1.7 %
DEN,3,long,Run,6.7%,11.6%,13.3%,5.0 %,1.7 %
DEN,3,medium,Pass,81.5%,85.5%,84.9%,3.9 %,-0.6 %
DEN,3,medium,Run,18.5%,14.5%,15.1%,-3.9 %,0.6 %
DEN,3,short,Pass,49.1%,37.5%,54.8%,-11.6 %,17.3 %
DEN,3,short,Run,50.9%,62.5%,45.2%,11.6 %,-17.3 %
DEN,3,very long,Pass,86.0%,75.6%,91.3%,-10.4 %,15.7 %
DEN,3,very long,Run,14.0%,24.4%,8.7%,10.4 %,-15.7 %
DEN,4,long,Pass,80.0%,100.0%,100.0%,20.0 %,0.0 %
DEN,4,long,Run,20.0%,0.0%,0.0%,-20.0 %,0.0 %
DEN,4,medium,Pass,75.0%,nan%,75.0%,nan %,nan %
DEN,4,medium,Run,25.0%,nan%,25.0%,nan %,nan %
DEN,4,short,Pass,42.9%,29.4%,60.0%,-13.4 %,30.6 %
DEN,4,short,Run,57.1%,70.6%,40.0%,13.4 %,-30.6 %
DEN,4,very long,Pass,100.0%,100.0%,100.0%,0.0 %,0.0 %
DEN,4,very long,Run,0.0%,0.0%,0.0%,0.0 %,0.0 %
DET,1,long,Pass,50.0%,50.6%,46.0%,0.6 %,-4.6 %
DET,1,long,Run,50.0%,49.4%,54.0%,-0.6 %,4.6 %
DET,1,medium,Pass,26.7%,9.5%,38.1%,-17.1 %,28.6 %
DET,1,medium,Run,73.3%,90.5%,61.9%,17.1 %,-28.6 %
DET,1,short,Pass,29.4%,20.0%,35.3%,-9.4 %,15.3 %
DET,1,short,Run,70.6%,80.0%,64.7%,9.4 %,-15.3 %
DET,1,very long,Pass,54.5%,53.3%,40.0%,-1.2 %,-13.3 %
DET,1,very long,Run,45.5%,46.7%,60.0%,1.2 %,13.3 %
DET,2,long,Pass,56.4%,62.4%,60.6%,6.0 %,-1.8 %
DET,2,long,Run,43.6%,37.6%,39.4%,-6.0 %,1.8 %
DET,2,medium,Pass,50.8%,50.7%,48.8%,-0.1 %,-2.0 %
DET,2,medium,Run,49.2%,49.3%,51.2%,0.1 %,2.0 %
DET,2,short,Pass,53.2%,49.4%,42.1%,-3.8 %,-7.3 %
DET,2,short,Run,46.8%,50.6%,57.9%,3.8 %,7.3 %
DET,2,very long,Pass,78.0%,81.5%,77.6%,3.4 %,-3.9 %
DET,2,very long,Run,22.0%,18.5%,22.4%,-3.4 %,3.9 %
DET,3,long,Pass,87.5%,90.2%,86.7%,2.7 %,-3.5 %
DET,3,long,Run,12.5%,9.8%,13.3%,-2.7 %,3.5 %
DET,3,medium,Pass,76.6%,80.2%,76.1%,3.7 %,-4.2 %
DET,3,medium,Run,23.4%,19.8%,23.9%,-3.7 %,4.2 %
DET,3,short,Pass,53.4%,50.6%,52.1%,-2.8 %,1.4 %
DET,3,short,Run,46.6%,49.4%,47.9%,2.8 %,-1.4 %
DET,3,very long,Pass,82.5%,85.0%,91.7%,2.5 %,6.7 %
DET,3,very long,Run,17.5%,15.0%,8.3%,-2.5 %,-6.7 %
DET,4,long,Pass,66.7%,100.0%,100.0%,33.3 %,0.0 %
DET,4,long,Run,33.3%,0.0%,0.0%,-33.3 %,0.0 %
DET,4,medium,Pass,100.0%,81.8%,66.7%,-18.2 %,-15.2 %
DET,4,medium,Run,0.0%,18.2%,33.3%,18.2 %,15.2 %
DET,4,short,Pass,62.1%,64.3%,44.0%,2.2 %,-20.3 %
DET,4,short,Run,37.9%,35.7%,56.0%,-2.2 %,20.3 %
DET,4,very long,Pass,nan%,100.0%,100.0%,nan %,0.0 %
DET,4,very long,Run,nan%,0.0%,0.0%,nan %,0.0 %
GB,1,long,Pass,46.0%,49.4%,37.9%,3.4 %,-11.5 %
GB,1,long,Run,54.0%,50.6%,62.1%,-3.4 %,11.5 %
GB,1,medium,Pass,45.5%,18.2%,19.0%,-27.3 %,0.9 %
GB,1,medium,Run,54.5%,81.8%,81.0%,27.3 %,-0.9 %
GB,1,short,Pass,25.0%,12.5%,14.3%,-12.5 %,1.8 %
GB,1,short,Run,75.0%,87.5%,85.7%,12.5 %,-1.8 %
GB,1,very long,Pass,76.5%,80.0%,63.0%,3.5 %,-17.0 %
GB,1,very long,Run,23.5%,20.0%,37.0%,-3.5 %,17.0 %
GB,2,long,Pass,64.1%,65.0%,55.9%,0.8 %,-9.1 %
GB,2,long,Run,35.9%,35.0%,44.1%,-0.8 %,9.1 %
GB,2,medium,Pass,49.6%,49.3%,45.3%,-0.3 %,-4.0 %
GB,2,medium,Run,50.4%,50.7%,54.7%,0.3 %,4.0 %
GB,2,short,Pass,47.8%,37.5%,31.9%,-10.3 %,-5.6 %
GB,2,short,Run,52.2%,62.5%,68.1%,10.3 %,5.6 %
GB,2,very long,Pass,84.6%,76.1%,87.0%,-8.5 %,11.0 %
GB,2,very long,Run,15.4%,23.9%,13.0%,8.5 %,-11.0 %
GB,3,long,Pass,90.5%,91.3%,84.8%,0.8 %,-6.5 %
GB,3,long,Run,9.5%,8.7%,15.2%,-0.8 %,6.5 %
GB,3,medium,Pass,89.4%,96.3%,88.2%,6.9 %,-8.1 %
GB,3,medium,Run,10.6%,3.7%,11.8%,-6.9 %,8.1 %
GB,3,short,Pass,53.7%,44.4%,46.0%,-9.3 %,1.6 %
GB,3,short,Run,46.3%,55.6%,54.0%,9.3 %,-1.6 %
GB,3,very long,Pass,91.3%,83.8%,90.6%,-7.5 %,6.8 %
GB,3,very long,Run,8.7%,16.2%,9.4%,7.5 %,-6.8 %
GB,4,long,Pass,100.0%,100.0%,100.0%,0.0 %,0.0 %
GB,4,long,Run,0.0%,0.0%,0.0%,0.0 %,0.0 %
GB,4,medium,Pass,100.0%,66.7%,50.0%,-33.3 %,-16.7 %
GB,4,medium,Run,0.0%,33.3%,50.0%,33.3 %,16.7 %
GB,4,short,Pass,56.0%,72.2%,35.7%,16.2 %,-36.5 %
GB,4,short,Run,44.0%,27.8%,64.3%,-16.2 %,36.5 %
GB,4,very long,Pass,100.0%,50.0%,nan%,-50.0 %,nan %
GB,4,very long,Run,0.0%,50.0%,nan%,50.0 %,nan %
HOU,1,long,Pass,53.6%,47.0%,48.7%,-6.5 %,1.7 %
HOU,1,long,Run,46.4%,53.0%,51.3%,6.5 %,-1.7 %
HOU,1,medium,Pass,36.4%,20.0%,22.2%,-16.4 %,2.2 %
HOU,1,medium,Run,63.6%,80.0%,77.8%,16.4 %,-2.2 %
HOU,1,short,Pass,33.3%,25.0%,25.0%,-8.3 %,0.0 %
HOU,1,short,Run,66.7%,75.0%,75.0%,8.3 %,0.0 %
HOU,1,very long,Pass,66.7%,36.4%,61.9%,-30.3 %,25.5 %
HOU,1,very long,Run,33.3%,63.6%,38.1%,30.3 %,-25.5 %
HOU,2,long,Pass,64.8%,65.2%,57.5%,0.4 %,-7.7 %
HOU,2,long,Run,35.2%,34.8%,42.5%,-0.4 %,7.7 %
HOU,2,medium,Pass,54.5%,59.0%,49.5%,4.4 %,-9.4 %
HOU,2,medium,Run,45.5%,41.0%,50.5%,-4.4 %,9.4 %
HOU,2,short,Pass,51.9%,41.9%,42.3%,-10.0 %,0.4 %
HOU,2,short,Run,48.1%,58.1%,57.7%,10.0 %,-0.4 %
HOU,2,very long,Pass,74.4%,77.6%,77.6%,3.2 %,0.0 %
HOU,2,very long,Run,25.6%,22.4%,22.4%,-3.2 %,0.0 %
HOU,3,long,Pass,98.4%,89.8%,86.2%,-8.6 %,-3.6 %
HOU,3,long,Run,1.6%,10.2%,13.8%,8.6 %,3.6 %
HOU,3,medium,Pass,90.3%,92.8%,94.5%,2.4 %,1.8 %
HOU,3,medium,Run,9.7%,7.2%,5.5%,-2.4 %,-1.8 %
HOU,3,short,Pass,35.6%,60.0%,65.7%,24.4 %,5.7 %
HOU,3,short,Run,64.4%,40.0%,34.3%,-24.4 %,-5.7 %
HOU,3,very long,Pass,83.8%,89.5%,85.7%,5.7 %,-3.8 %
HOU,3,very long,Run,16.2%,10.5%,14.3%,-5.7 %,3.8 %
HOU,4,long,Pass,100.0%,100.0%,100.0%,0.0 %,0.0 %
HOU,4,long,Run,0.0%,0.0%,0.0%,0.0 %,0.0 %
HOU,4,medium,Pass,100.0%,100.0%,100.0%,0.0 %,0.0 %
HOU,4,medium,Run,0.0%,0.0%,0.0%,0.0 %,0.0 %
HOU,4,short,Pass,35.7%,46.7%,52.9%,11.0 %,6.3 %
HOU,4,short,Run,64.3%,53.3%,47.1%,-11.0 %,-6.3 %
HOU,4,very long,Pass,100.0%,100.0%,100.0%,0.0 %,0.0 %
HOU,4,very long,Run,0.0%,0.0%,0.0%,0.0 %,0.0 %
IND,1,long,Pass,48.2%,44.3%,44.0%,-3.9 %,-0.3 %
IND,1,long,Run,51.8%,55.7%,56.0%,3.9 %,0.3 %
IND,1,medium,Pass,33.3%,41.2%,33.3%,7.8 %,-7.8 %
IND,1,medium,Run,66.7%,58.8%,66.7%,-7.8 %,7.8 %
IND,1,short,Pass,14.3%,14.3%,0.0%,0.0 %,-14.3 %
IND,1,short,Run,85.7%,85.7%,100.0%,0.0 %,14.3 %
IND,1,very long,Pass,81.2%,87.5%,70.6%,6.2 %,-16.9 %
IND,1,very long,Run,18.8%,12.5%,29.4%,-6.2 %,16.9 %
IND,2,long,Pass,70.3%,75.5%,74.1%,5.2 %,-1.4 %
IND,2,long,Run,29.7%,24.5%,25.9%,-5.2 %,1.4 %
IND,2,medium,Pass,59.3%,49.2%,38.6%,-10.1 %,-10.5 %
IND,2,medium,Run,40.7%,50.8%,61.4%,10.1 %,10.5 %
IND,2,short,Pass,32.6%,30.6%,19.6%,-2.0 %,-11.0 %
IND,2,short,Run,67.4%,69.4%,80.4%,2.0 %,11.0 %
IND,2,very long,Pass,80.4%,84.4%,85.7%,4.1 %,1.3 %
IND,2,very long,Run,19.6%,15.6%,14.3%,-4.1 %,-1.3 %
IND,3,long,Pass,97.4%,94.0%,75.4%,-3.4 %,-18.6 %
IND,3,long,Run,2.6%,6.0%,24.6%,3.4 %,18.6 %
IND,3,medium,Pass,90.4%,78.7%,80.0%,-11.7 %,1.3 %
IND,3,medium,Run,9.6%,21.3%,20.0%,11.7 %,-1.3 %
IND,3,short,Pass,53.6%,36.1%,35.4%,-17.5 %,-0.7 %
IND,3,short,Run,46.4%,63.9%,64.6%,17.5 %,0.7 %
IND,3,very long,Pass,89.2%,82.4%,74.2%,-6.8 %,-8.2 %
IND,3,very long,Run,10.8%,17.6%,25.8%,6.8 %,8.2 %
IND,4,long,Pass,100.0%,100.0%,100.0%,0.0 %,0.0 %
IND,4,long,Run,0.0%,0.0%,0.0%,0.0 %,0.0 %
IND,4,medium,Pass,100.0%,88.9%,100.0%,-11.1 %,11.1 %
IND,4,medium,Run,0.0%,11.1%,0.0%,11.1 %,-11.1 %
IND,4,short,Pass,44.4%,68.4%,47.4%,24.0 %,-21.1 %
IND,4,short,Run,55.6%,31.6%,52.6%,-24.0 %,21.1 %
IND,4,very long,Pass,100.0%,100.0%,50.0%,0.0 %,-50.0 %
IND,4,very long,Run,0.0%,0.0%,50.0%,0.0 %,50.0 %
JAX,1,long,Pass,48.3%,48.2%,46.0%,-0.2 %,-2.1 %
JAX,1,long,Run,51.7%,51.8%,54.0%,0.2 %,2.1 %
JAX,1,medium,Pass,30.0%,54.5%,57.1%,24.5 %,2.6 %
JAX,1,medium,Run,70.0%,45.5%,42.9%,-24.5 %,-2.6 %
JAX,1,short,Pass,14.3%,16.7%,20.0%,2.4 %,3.3 %
JAX,1,short,Run,85.7%,83.3%,80.0%,-2.4 %,-3.3 %
JAX,1,very long,Pass,90.5%,82.4%,66.7%,-8.1 %,-15.7 %
JAX,1,very long,Run,9.5%,17.6%,33.3%,8.1 %,15.7 %
JAX,2,long,Pass,75.4%,74.8%,78.3%,-0.6 %,3.5 %
JAX,2,long,Run,24.6%,25.2%,21.7%,0.6 %,-3.5 %
JAX,2,medium,Pass,55.6%,54.3%,58.4%,-1.2 %,4.1 %
JAX,2,medium,Run,44.4%,45.7%,41.6%,1.2 %,-4.1 %
JAX,2,short,Pass,37.9%,46.6%,31.8%,8.7 %,-14.7 %
JAX,2,short,Run,62.1%,53.4%,68.2%,-8.7 %,14.7 %
JAX,2,very long,Pass,86.8%,85.2%,82.0%,-1.6 %,-3.2 %
JAX,2,very long,Run,13.2%,14.8%,18.0%,1.6 %,3.2 %
JAX,3,long,Pass,88.5%,88.1%,88.9%,-0.4 %,0.8 %
JAX,3,long,Run,11.5%,11.9%,11.1%,0.4 %,-0.8 %
JAX,3,medium,Pass,87.5%,82.9%,90.5%,-4.6 %,7.5 %
JAX,3,medium,Run,12.5%,17.1%,9.5%,4.6 %,-7.5 %
JAX,3,short,Pass,51.4%,58.0%,39.0%,6.6 %,-19.0 %
JAX,3,short,Run,48.6%,42.0%,61.0%,-6.6 %,19.0 %
JAX,3,very long,Pass,87.1%,83.9%,83.8%,-3.2 %,-0.1 %
JAX,3,very long,Run,12.9%,16.1%,16.2%,3.2 %,0.1 %
JAX,4,long,Pass,100.0%,100.0%,100.0%,0.0 %,0.0 %
JAX,4,long,Run,0.0%,0.0%,0.0%,0.0 %,0.0 %
JAX,4,medium,Pass,83.3%,60.0%,100.0%,-23.3 %,40.0 %
JAX,4,medium,Run,16.7%,40.0%,0.0%,23.3 %,-40.0 %
JAX,4,short,Pass,47.6%,50.0%,23.5%,2.4 %,-26.5 %
JAX,4,short,Run,52.4%,50.0%,76.5%,-2.4 %,26.5 %
JAX,4,very long,Pass,100.0%,100.0%,100.0%,0.0 %,0.0 %
JAX,4,very long,Run,0.0%,0.0%,0.0%,0.0 %,0.0 %
KC,1,long,Pass,52.5%,51.5%,50.4%,-1.0 %,-1.1 %
KC,1,long,Run,47.5%,48.5%,49.6%,1.0 %,1.1 %
KC,1,medium,Pass,60.0%,52.6%,38.5%,-7.4 %,-14.2 %
KC,1,medium,Run,40.0%,47.4%,61.5%,7.4 %,14.2 %
KC,1,short,Pass,42.1%,33.3%,21.4%,-8.8 %,-11.9 %
KC,1,short,Run,57.9%,66.7%,78.6%,8.8 %,11.9 %
KC,1,very long,Pass,100.0%,68.8%,82.4%,-31.2 %,13.6 %
KC,1,very long,Run,0.0%,31.2%,17.6%,31.2 %,-13.6 %
KC,2,long,Pass,76.9%,72.9%,69.0%,-3.9 %,-3.9 %
KC,2,long,Run,23.1%,27.1%,31.0%,3.9 %,3.9 %
KC,2,medium,Pass,70.9%,59.9%,61.4%,-11.1 %,1.5 %
KC,2,medium,Run,29.1%,40.1%,38.6%,11.1 %,-1.5 %
KC,2,short,Pass,39.1%,35.1%,44.7%,-4.0 %,9.6 %
KC,2,short,Run,60.9%,64.9%,55.3%,4.0 %,-9.6 %
KC,2,very long,Pass,66.7%,80.0%,82.7%,13.3 %,2.7 %
KC,2,very long,Run,33.3%,20.0%,17.3%,-13.3 %,-2.7 %
KC,3,long,Pass,83.7%,91.1%,90.0%,7.4 %,-1.1 %
KC,3,long,Run,16.3%,8.9%,10.0%,-7.4 %,1.1 %
KC,3,medium,Pass,87.8%,89.5%,87.2%,1.6 %,-2.3 %
KC,3,medium,Run,12.2%,10.5%,12.8%,-1.6 %,2.3 %
KC,3,short,Pass,63.7%,60.4%,54.2%,-3.3 %,-6.2 %
KC,3,short,Run,36.2%,39.6%,45.8%,3.3 %,6.2 %
KC,3,very long,Pass,82.1%,87.8%,81.8%,5.6 %,-5.9 %
KC,3,very long,Run,17.9%,12.2%,18.2%,-5.6 %,5.9 %
KC,4,long,Pass,nan%,100.0%,nan%,nan %,nan %
KC,4,long,Run,nan%,0.0%,nan%,nan %,nan %
KC,4,medium,Pass,100.0%,60.0%,100.0%,-40.0 %,40.0 %
KC,4,medium,Run,0.0%,40.0%,0.0%,40.0 %,-40.0 %
KC,4,short,Pass,63.6%,38.5%,18.8%,-25.2 %,-19.7 %
KC,4,short,Run,36.4%,61.5%,81.2%,25.2 %,19.7 %
KC,4,very long,Pass,100.0%,100.0%,50.0%,0.0 %,-50.0 %
KC,4,very long,Run,0.0%,0.0%,50.0%,0.0 %,50.0 %
LA,1,long,Pass,50.1%,46.3%,54.2%,-3.8 %,7.9 %
LA,1,long,Run,49.9%,53.7%,45.8%,3.8 %,-7.9 %
LA,1,medium,Pass,40.0%,40.0%,27.8%,0.0 %,-12.2 %
LA,1,medium,Run,60.0%,60.0%,72.2%,0.0 %,12.2 %
LA,1,short,Pass,28.6%,10.0%,16.7%,-18.6 %,6.7 %
LA,1,short,Run,71.4%,90.0%,83.3%,18.6 %,-6.7 %
LA,1,very long,Pass,41.7%,52.9%,46.2%,11.3 %,-6.8 %
LA,1,very long,Run,58.3%,47.1%,53.8%,-11.3 %,6.8 %
LA,2,long,Pass,72.3%,70.2%,67.9%,-2.2 %,-2.3 %
LA,2,long,Run,27.7%,29.8%,32.1%,2.2 %,2.3 %
LA,2,medium,Pass,63.0%,57.0%,56.4%,-5.9 %,-0.6 %
LA,2,medium,Run,37.0%,43.0%,43.6%,5.9 %,0.6 %
LA,2,short,Pass,51.1%,37.1%,37.8%,-14.0 %,0.7 %
LA,2,short,Run,48.9%,62.9%,62.2%,14.0 %,-0.7 %
LA,2,very long,Pass,62.5%,73.6%,61.4%,11.1 %,-12.2 %
LA,2,very long,Run,37.5%,26.4%,38.6%,-11.1 %,12.2 %
LA,3,long,Pass,81.6%,90.7%,92.5%,9.2 %,1.8 %
LA,3,long,Run,18.4%,9.3%,7.5%,-9.2 %,-1.8 %
LA,3,medium,Pass,82.8%,87.7%,89.5%,4.9 %,1.8 %
LA,3,medium,Run,17.2%,12.3%,10.5%,-4.9 %,-1.8 %
LA,3,short,Pass,55.2%,51.5%,51.4%,-3.7 %,-0.1 %
LA,3,short,Run,44.8%,48.5%,48.6%,3.7 %,0.1 %
LA,3,very long,Pass,76.9%,76.3%,70.6%,-0.6 %,-5.7 %
LA,3,very long,Run,23.1%,23.7%,29.4%,0.6 %,5.7 %
LA,4,long,Pass,100.0%,nan%,nan%,nan %,nan %
LA,4,long,Run,0.0%,nan%,nan%,nan %,nan %
LA,4,medium,Pass,66.7%,100.0%,87.5%,33.3 %,-12.5 %
LA,4,medium,Run,33.3%,0.0%,12.5%,-33.3 %,12.5 %
LA,4,short,Pass,30.8%,61.1%,35.3%,30.3 %,-25.8 %
LA,4,short,Run,69.2%,38.9%,64.7%,-30.3 %,25.8 %
LA,4,very long,Pass,100.0%,100.0%,100.0%,0.0 %,0.0 %
LA,4,very long,Run,0.0%,0.0%,0.0%,0.0 %,0.0 %
LAC,1,long,Pass,53.5%,51.7%,44.2%,-1.8 %,-7.5 %
LAC,1,long,Run,46.5%,48.3%,55.8%,1.8 %,7.5 %
LAC,1,medium,Pass,25.0%,42.9%,30.8%,17.9 %,-12.1 %
LAC,1,medium,Run,75.0%,57.1%,69.2%,-17.9 %,12.1 %
LAC,1,short,Pass,54.5%,50.0%,16.7%,-4.5 %,-33.3 %
LAC,1,short,Run,45.5%,50.0%,83.3%,4.5 %,33.3 %
LAC,1,very long,Pass,83.3%,82.4%,72.7%,-1.0 %,-9.6 %
LAC,1,very long,Run,16.7%,17.6%,27.3%,1.0 %,9.6 %
LAC,2,long,Pass,80.7%,69.9%,80.3%,-10.8 %,10.5 %
LAC,2,long,Run,19.3%,30.1%,19.7%,10.8 %,-10.5 %
LAC,2,medium,Pass,62.7%,56.9%,56.5%,-5.8 %,-0.4 %
LAC,2,medium,Run,37.3%,43.1%,43.5%,5.8 %,0.4 %
LAC,2,short,Pass,56.9%,36.7%,21.2%,-20.2 %,-15.5 %
LAC,2,short,Run,43.1%,63.3%,78.8%,20.2 %,15.5 %
LAC,2,very long,Pass,88.1%,87.2%,81.8%,-0.8 %,-5.4 %
LAC,2,very long,Run,11.9%,12.8%,18.2%,0.8 %,5.4 %
LAC,3,long,Pass,93.8%,87.5%,86.8%,-6.2 %,-0.7 %
LAC,3,long,Run,6.2%,12.5%,13.2%,6.2 %,0.7 %
LAC,3,medium,Pass,91.7%,88.6%,95.5%,-3.1 %,6.9 %
LAC,3,medium,Run,8.3%,11.4%,4.5%,3.1 %,-6.9 %
LAC,3,short,Pass,49.5%,54.5%,18.2%,5.1 %,-36.4 %
LAC,3,short,Run,50.5%,45.5%,81.8%,-5.1 %,36.4 %
LAC,3,very long,Pass,100.0%,90.6%,73.8%,-9.4 %,-16.8 %
LAC,3,very long,Run,0.0%,9.4%,26.2%,9.4 %,16.8 %
LAC,4,long,Pass,100.0%,100.0%,50.0%,0.0 %,-50.0 %
LAC,4,long,Run,0.0%,0.0%,50.0%,0.0 %,50.0 %
LAC,4,medium,Pass,100.0%,100.0%,100.0%,0.0 %,0.0 %
LAC,4,medium,Run,0.0%,0.0%,0.0%,0.0 %,0.0 %
LAC,4,short,Pass,57.1%,47.6%,50.0%,-9.5 %,2.4 %
LAC,4,short,Run,42.9%,52.4%,50.0%,9.5 %,-2.4 %
LAC,4,very long,Pass,100.0%,100.0%,100.0%,0.0 %,0.0 %
LAC,4,very long,Run,0.0%,0.0%,0.0%,0.0 %,0.0 %
LV,1,long,Pass,46.2%,51.8%,60.7%,5.5 %,8.9 %
LV,1,long,Run,53.8%,48.2%,39.3%,-5.5 %,-8.9 %
LV,1,medium,Pass,35.3%,12.5%,58.3%,-22.8 %,45.8 %
LV,1,medium,Run,64.7%,87.5%,41.7%,22.8 %,-45.8 %
LV,1,short,Pass,37.5%,25.0%,33.3%,-12.5 %,8.3 %
LV,1,short,Run,62.5%,75.0%,66.7%,12.5 %,-8.3 %
LV,1,very long,Pass,80.8%,64.3%,52.6%,-16.5 %,-11.7 %
LV,1,very long,Run,19.2%,35.7%,47.4%,16.5 %,11.7 %
LV,2,long,Pass,75.5%,68.6%,65.2%,-6.8 %,-3.4 %
LV,2,long,Run,24.5%,31.4%,34.8%,6.8 %,3.4 %
LV,2,medium,Pass,56.9%,50.4%,64.6%,-6.5 %,14.2 %
LV,2,medium,Run,43.1%,49.6%,35.4%,6.5 %,-14.2 %
LV,2,short,Pass,20.7%,27.1%,44.2%,6.4 %,17.1 %
LV,2,short,Run,79.3%,72.9%,55.8%,-6.4 %,-17.1 %
LV,2,very long,Pass,85.7%,85.4%,72.7%,-0.3 %,-12.7 %
LV,2,very long,Run,14.3%,14.6%,27.3%,0.3 %,12.7 %
LV,3,long,Pass,97.4%,91.2%,93.9%,-6.3 %,2.7 %
LV,3,long,Run,2.6%,8.8%,6.1%,6.3 %,-2.7 %
LV,3,medium,Pass,86.5%,89.7%,87.5%,3.2 %,-2.2 %
LV,3,medium,Run,13.5%,10.3%,12.5%,-3.2 %,2.2 %
LV,3,short,Pass,51.8%,50.8%,51.9%,-1.0 %,1.1 %
LV,3,short,Run,48.2%,49.2%,48.1%,1.0 %,-1.1 %
LV,3,very long,Pass,95.0%,100.0%,71.8%,5.0 %,-28.2 %
LV,3,very long,Run,5.0%,0.0%,28.2%,-5.0 %,28.2 %
LV,4,long,Pass,100.0%,100.0%,100.0%,0.0 %,0.0 %
LV,4,long,Run,0.0%,0.0%,0.0%,0.0 %,0.0 %
LV,4,medium,Pass,100.0%,80.0%,100.0%,-20.0 %,20.0 %
LV,4,medium,Run,0.0%,20.0%,0.0%,20.0 %,-20.0 %
LV,4,short,Pass,50.0%,46.2%,53.3%,-3.8 %,7.2 %
LV,4,short,Run,50.0%,53.8%,46.7%,3.8 %,-7.2 %
LV,4,very long,Pass,66.7%,100.0%,100.0%,33.3 %,0.0 %
LV,4,very long,Run,33.3%,0.0%,0.0%,-33.3 %,0.0 %
MIA,1,long,Pass,49.2%,43.1%,46.0%,-6.1 %,2.8 %
MIA,1,long,Run,50.8%,56.9%,54.0%,6.1 %,-2.8 %
MIA,1,medium,Pass,50.0%,36.8%,23.5%,-13.2 %,-13.3 %
MIA,1,medium,Run,50.0%,63.2%,76.5%,13.2 %,13.3 %
MIA,1,short,Pass,12.5%,26.7%,25.0%,14.2 %,-1.7 %
MIA,1,short,Run,87.5%,73.3%,75.0%,-14.2 %,1.7 %
MIA,1,very long,Pass,91.7%,81.0%,80.0%,-10.7 %,-1.0 %
MIA,1,very long,Run,8.3%,19.0%,20.0%,10.7 %,1.0 %
MIA,2,long,Pass,74.0%,67.2%,71.3%,-6.8 %,4.1 %
MIA,2,long,Run,26.0%,32.8%,28.7%,6.8 %,-4.1 %
MIA,2,medium,Pass,59.2%,55.4%,52.0%,-3.8 %,-3.4 %
MIA,2,medium,Run,40.8%,44.6%,48.0%,3.8 %,3.4 %
MIA,2,short,Pass,39.3%,50.0%,52.5%,10.7 %,2.5 %
MIA,2,short,Run,60.7%,50.0%,47.5%,-10.7 %,-2.5 %
MIA,2,very long,Pass,84.9%,75.5%,79.1%,-9.4 %,3.6 %
MIA,2,very long,Run,15.1%,24.5%,20.9%,9.4 %,-3.6 %
MIA,3,long,Pass,93.3%,95.0%,90.7%,1.7 %,-4.3 %
MIA,3,long,Run,6.7%,5.0%,9.3%,-1.7 %,4.3 %
MIA,3,medium,Pass,94.4%,90.9%,92.0%,-3.5 %,1.1 %
MIA,3,medium,Run,5.6%,9.1%,8.0%,3.5 %,-1.1 %
MIA,3,short,Pass,67.8%,68.3%,52.2%,0.5 %,-16.2 %
MIA,3,short,Run,32.2%,31.7%,47.8%,-0.5 %,16.2 %
MIA,3,very long,Pass,98.0%,93.3%,83.3%,-4.7 %,-10.0 %
MIA,3,very long,Run,2.0%,6.7%,16.7%,4.7 %,10.0 %
MIA,4,long,Pass,100.0%,75.0%,66.7%,-25.0 %,-8.3 %
MIA,4,long,Run,0.0%,25.0%,33.3%,25.0 %,8.3 %
MIA,4,medium,Pass,90.0%,77.8%,75.0%,-12.2 %,-2.8 %
MIA,4,medium,Run,10.0%,22.2%,25.0%,12.2 %,2.8 %
MIA,4,short,Pass,28.6%,57.1%,76.5%,28.6 %,19.3 %
MIA,4,short,Run,71.4%,42.9%,23.5%,-28.6 %,-19.3 %
MIA,4,very long,Pass,100.0%,66.7%,66.7%,-33.3 %,0.0 %
MIA,4,very long,Run,0.0%,33.3%,33.3%,33.3 %,0.0 %
MIN,1,long,Pass,52.8%,51.8%,42.3%,-1.0 %,-9.5 %
MIN,1,long,Run,47.2%,48.2%,57.7%,1.0 %,9.5 %
MIN,1,medium,Pass,45.0%,73.3%,42.1%,28.3 %,-31.2 %
MIN,1,medium,Run,55.0%,26.7%,57.9%,-28.3 %,31.2 %
MIN,1,short,Pass,43.8%,20.0%,25.0%,-23.8 %,5.0 %
MIN,1,short,Run,56.2%,80.0%,75.0%,23.8 %,-5.0 %
MIN,1,very long,Pass,100.0%,73.7%,66.7%,-26.3 %,-7.0 %
MIN,1,very long,Run,0.0%,26.3%,33.3%,26.3 %,7.0 %
MIN,2,long,Pass,68.7%,63.4%,68.4%,-5.2 %,5.0 %
MIN,2,long,Run,31.3%,36.6%,31.6%,5.2 %,-5.0 %
MIN,2,medium,Pass,65.9%,65.0%,61.0%,-0.8 %,-4.0 %
MIN,2,medium,Run,34.1%,35.0%,39.0%,0.8 %,4.0 %
MIN,2,short,Pass,46.9%,45.2%,39.1%,-1.7 %,-6.1 %
MIN,2,short,Run,53.1%,54.8%,60.9%,1.7 %,6.1 %
MIN,2,very long,Pass,87.3%,85.5%,86.2%,-1.8 %,0.7 %
MIN,2,very long,Run,12.7%,14.5%,13.8%,1.8 %,-0.7 %
MIN,3,long,Pass,93.5%,88.9%,90.5%,-4.6 %,1.6 %
MIN,3,long,Run,6.5%,11.1%,9.5%,4.6 %,-1.6 %
MIN,3,medium,Pass,88.4%,90.7%,94.1%,2.3 %,3.5 %
MIN,3,medium,Run,11.6%,9.3%,5.9%,-2.3 %,-3.5 %
MIN,3,short,Pass,74.0%,71.4%,63.3%,-2.5 %,-8.1 %
MIN,3,short,Run,26.0%,28.6%,36.7%,2.5 %,8.1 %
MIN,3,very long,Pass,93.8%,83.0%,93.5%,-10.8 %,10.5 %
MIN,3,very long,Run,6.2%,17.0%,6.5%,10.8 %,-10.5 %
MIN,4,long,Pass,100.0%,nan%,nan%,nan %,nan %
MIN,4,long,Run,0.0%,nan%,nan%,nan %,nan %
MIN,4,medium,Pass,100.0%,70.0%,100.0%,-30.0 %,30.0 %
MIN,4,medium,Run,0.0%,30.0%,0.0%,30.0 %,-30.0 %
MIN,4,short,Pass,71.4%,62.5%,61.5%,-8.9 %,-1.0 %
MIN,4,short,Run,28.6%,37.5%,38.5%,8.9 %,1.0 %
MIN,4,very long,Pass,50.0%,100.0%,100.0%,50.0 %,0.0 %
MIN,4,very long,Run,50.0%,0.0%,0.0%,-50.0 %,0.0 %
NE,1,long,Pass,48.6%,51.4%,42.4%,2.8 %,-8.9 %
NE,1,long,Run,51.4%,48.6%,57.6%,-2.8 %,8.9 %
NE,1,medium,Pass,42.9%,0.0%,54.5%,-42.9 %,54.5 %
NE,1,medium,Run,57.1%,100.0%,45.5%,42.9 %,-54.5 %
NE,1,short,Pass,14.3%,60.0%,28.6%,45.7 %,-31.4 %
NE,1,short,Run,85.7%,40.0%,71.4%,-45.7 %,31.4 %
NE,1,very long,Pass,61.9%,66.7%,60.0%,4.8 %,-6.7 %
NE,1,very long,Run,38.1%,33.3%,40.0%,-4.8 %,6.7 %
NE,2,long,Pass,74.4%,68.6%,64.8%,-5.8 %,-3.8 %
NE,2,long,Run,25.6%,31.4%,35.2%,5.8 %,3.8 %
NE,2,medium,Pass,54.4%,52.8%,52.7%,-1.6 %,-0.1 %
NE,2,medium,Run,45.6%,47.2%,47.3%,1.6 %,0.1 %
NE,2,short,Pass,33.3%,25.4%,42.9%,-7.9 %,17.5 %
NE,2,short,Run,66.7%,74.6%,57.1%,7.9 %,-17.5 %
NE,2,very long,Pass,70.4%,75.5%,79.6%,5.1 %,4.1 %
NE,2,very long,Run,29.6%,24.5%,20.4%,-5.1 %,-4.1 %
NE,3,long,Pass,79.5%,88.6%,92.0%,9.1 %,3.4 %
NE,3,long,Run,20.5%,11.4%,8.0%,-9.1 %,-3.4 %
NE,3,medium,Pass,79.1%,94.7%,92.9%,15.6 %,-1.8 %
NE,3,medium,Run,20.9%,5.3%,7.1%,-15.6 %,1.8 %
NE,3,short,Pass,55.2%,46.7%,53.1%,-8.5 %,6.5 %
NE,3,short,Run,44.8%,53.3%,46.9%,8.5 %,-6.5 %
NE,3,very long,Pass,84.8%,83.7%,90.9%,-1.1 %,7.2 %
NE,3,very long,Run,15.2%,16.3%,9.1%,1.1 %,-7.2 %
NE,4,long,Pass,nan%,100.0%,50.0%,nan %,-50.0 %
NE,4,long,Run,nan%,0.0%,50.0%,nan %,50.0 %
NE,4,medium,Pass,100.0%,85.7%,80.0%,-14.3 %,-5.7 %
NE,4,medium,Run,0.0%,14.3%,20.0%,14.3 %,5.7 %
NE,4,short,Pass,90.0%,53.8%,35.7%,-36.2 %,-18.1 %
NE,4,short,Run,10.0%,46.2%,64.3%,36.2 %,18.1 %
NE,4,very long,Pass,100.0%,100.0%,100.0%,0.0 %,0.0 %
NE,4,very long,Run,0.0%,0.0%,0.0%,0.0 %,0.0 %
NO,1,long,Pass,45.1%,45.2%,49.5%,0.0 %,4.3 %
NO,1,long,Run,54.9%,54.8%,50.5%,-0.0 %,-4.3 %
NO,1,medium,Pass,50.0%,41.7%,0.0%,-8.3 %,-41.7 %
NO,1,medium,Run,50.0%,58.3%,100.0%,8.3 %,41.7 %
NO,1,short,Pass,20.0%,18.2%,12.5%,-1.8 %,-5.7 %
NO,1,short,Run,80.0%,81.8%,87.5%,1.8 %,5.7 %
NO,1,very long,Pass,76.9%,66.7%,58.8%,-10.3 %,-7.8 %
NO,1,very long,Run,23.1%,33.3%,41.2%,10.3 %,7.8 %
NO,2,long,Pass,57.0%,71.1%,72.8%,14.0 %,1.7 %
NO,2,long,Run,43.0%,28.9%,27.2%,-14.0 %,-1.7 %
NO,2,medium,Pass,42.7%,56.7%,43.5%,14.0 %,-13.2 %
NO,2,medium,Run,57.3%,43.3%,56.5%,-14.0 %,13.2 %
NO,2,short,Pass,42.2%,30.6%,37.7%,-11.5 %,7.1 %
NO,2,short,Run,57.8%,69.4%,62.3%,11.5 %,-7.1 %
NO,2,very long,Pass,82.5%,80.7%,82.1%,-1.8 %,1.4 %
NO,2,very long,Run,17.5%,19.3%,17.9%,1.8 %,-1.4 %
NO,3,long,Pass,97.2%,94.6%,93.5%,-2.6 %,-1.1 %
NO,3,long,Run,2.8%,5.4%,6.5%,2.6 %,1.1 %
NO,3,medium,Pass,91.9%,90.6%,84.7%,-1.3 %,-5.9 %
NO,3,medium,Run,8.1%,9.4%,15.3%,1.3 %,5.9 %
NO,3,short,Pass,43.2%,51.7%,43.3%,8.4 %,-8.3 %
NO,3,short,Run,56.8%,48.3%,56.7%,-8.4 %,8.3 %
NO,3,very long,Pass,87.9%,87.5%,75.0%,-0.4 %,-12.5 %
NO,3,very long,Run,12.1%,12.5%,25.0%,0.4 %,12.5 %
NO,4,long,Pass,100.0%,100.0%,100.0%,0.0 %,0.0 %
NO,4,long,Run,0.0%,0.0%,0.0%,0.0 %,0.0 %
NO,4,medium,Pass,100.0%,100.0%,100.0%,0.0 %,0.0 %
NO,4,medium,Run,0.0%,0.0%,0.0%,0.0 %,0.0 %
NO,4,short,Pass,33.3%,36.4%,35.3%,3.0 %,-1.1 %
NO,4,short,Run,66.7%,63.6%,64.7%,-3.0 %,1.1 %
NO,4,very long,Pass,100.0%,nan%,100.0%,nan %,nan %
NO,4,very long,Run,0.0%,nan%,0.0%,nan %,nan %
NYG,1,long,Pass,44.3%,54.3%,57.6%,10.0 %,3.3 %
NYG,1,long,Run,55.7%,45.7%,42.4%,-10.0 %,-3.3 %
NYG,1,medium,Pass,0.0%,50.0%,42.9%,50.0 %,-7.1 %
NYG,1,medium,Run,100.0%,50.0%,57.1%,-50.0 %,7.1 %
NYG,1,short,Pass,20.0%,33.3%,20.0%,13.3 %,-13.3 %
NYG,1,short,Run,80.0%,66.7%,80.0%,-13.3 %,13.3 %
NYG,1,very long,Pass,69.2%,68.8%,73.1%,-0.5 %,4.3 %
NYG,1,very long,Run,30.8%,31.2%,26.9%,0.5 %,-4.3 %
NYG,2,long,Pass,59.9%,45.5%,63.5%,-14.3 %,18.0 %
NYG,2,long,Run,40.1%,54.5%,36.5%,14.3 %,-18.0 %
NYG,2,medium,Pass,46.9%,43.4%,45.0%,-3.5 %,1.6 %
NYG,2,medium,Run,53.1%,56.6%,55.0%,3.5 %,-1.6 %
NYG,2,short,Pass,25.0%,26.2%,41.0%,1.2 %,14.8 %
NYG,2,short,Run,75.0%,73.8%,59.0%,-1.2 %,-14.8 %
NYG,2,very long,Pass,82.8%,77.0%,66.0%,-5.8 %,-11.0 %
NYG,2,very long,Run,17.2%,23.0%,34.0%,5.8 %,11.0 %
NYG,3,long,Pass,83.0%,81.6%,94.2%,-1.3 %,12.6 %
NYG,3,long,Run,17.0%,18.4%,5.8%,1.3 %,-12.6 %
NYG,3,medium,Pass,83.9%,77.6%,84.6%,-6.3 %,7.0 %
NYG,3,medium,Run,16.1%,22.4%,15.4%,6.3 %,-7.0 %
NYG,3,short,Pass,42.1%,47.6%,52.2%,5.5 %,4.6 %
NYG,3,short,Run,57.9%,52.4%,47.8%,-5.5 %,-4.6 %
NYG,3,very long,Pass,94.4%,83.6%,82.6%,-10.9 %,-1.0 %
NYG,3,very long,Run,5.6%,16.4%,17.4%,10.9 %,1.0 %
NYG,4,long,Pass,100.0%,88.9%,83.3%,-11.1 %,-5.6 %
NYG,4,long,Run,0.0%,11.1%,16.7%,11.1 %,5.6 %
NYG,4,medium,Pass,50.0%,100.0%,100.0%,50.0 %,0.0 %
NYG,4,medium,Run,50.0%,0.0%,0.0%,-50.0 %,0.0 %
NYG,4,short,Pass,30.8%,28.6%,38.5%,-2.2 %,9.9 %
NYG,4,short,Run,69.2%,71.4%,61.5%,2.2 %,-9.9 %
NYG,4,very long,Pass,33.3%,100.0%,100.0%,66.7 %,0.0 %
NYG,4,very long,Run,66.7%,0.0%,0.0%,-66.7 %,0.0 %
NYJ,1,long,Pass,49.0%,52.3%,51.1%,3.3 %,-1.2 %
NYJ,1,long,Run,51.0%,47.7%,48.9%,-3.3 %,1.2 %
NYJ,1,medium,Pass,30.8%,16.7%,44.4%,-14.1 %,27.8 %
NYJ,1,medium,Run,69.2%,83.3%,55.6%,14.1 %,-27.8 %
NYJ,1,short,Pass,28.6%,33.3%,72.7%,4.8 %,39.4 %
NYJ,1,short,Run,71.4%,66.7%,27.3%,-4.8 %,-39.4 %
NYJ,1,very long,Pass,76.9%,79.2%,68.8%,2.2 %,-10.4 %
NYJ,1,very long,Run,23.1%,20.8%,31.2%,-2.2 %,10.4 %
NYJ,2,long,Pass,71.1%,63.4%,77.3%,-7.7 %,13.9 %
NYJ,2,long,Run,28.9%,36.6%,22.7%,7.7 %,-13.9 %
NYJ,2,medium,Pass,54.0%,57.0%,61.1%,3.0 %,4.1 %
NYJ,2,medium,Run,46.0%,43.0%,38.9%,-3.0 %,-4.1 %
NYJ,2,short,Pass,38.1%,51.0%,50.8%,12.9 %,-0.2 %
NYJ,2,short,Run,61.9%,49.0%,49.2%,-12.9 %,0.2 %
NYJ,2,very long,Pass,89.1%,90.2%,73.3%,1.1 %,-16.8 %
NYJ,2,very long,Run,10.9%,9.8%,26.7%,-1.1 %,16.8 %
NYJ,3,long,Pass,92.3%,88.0%,93.2%,-4.3 %,5.2 %
NYJ,3,long,Run,7.7%,12.0%,6.8%,4.3 %,-5.2 %
NYJ,3,medium,Pass,91.0%,94.6%,95.4%,3.6 %,0.8 %
NYJ,3,medium,Run,9.0%,5.4%,4.6%,-3.6 %,-0.8 %
NYJ,3,short,Pass,58.5%,56.9%,62.3%,-1.6 %,5.4 %
NYJ,3,short,Run,41.5%,43.1%,37.7%,1.6 %,-5.4 %
NYJ,3,very long,Pass,75.0%,78.7%,92.5%,3.7 %,13.8 %
NYJ,3,very long,Run,25.0%,21.3%,7.5%,-3.7 %,-13.8 %
NYJ,4,long,Pass,100.0%,100.0%,100.0%,0.0 %,0.0 %
NYJ,4,long,Run,0.0%,0.0%,0.0%,0.0 %,0.0 %
NYJ,4,medium,Pass,100.0%,71.4%,85.7%,-28.6 %,14.3 %
NYJ,4,medium,Run,0.0%,28.6%,14.3%,28.6 %,-14.3 %
NYJ,4,short,Pass,83.3%,41.2%,66.7%,-42.2 %,25.5 %
NYJ,4,short,Run,16.7%,58.8%,33.3%,42.2 %,-25.5 %
NYJ,4,very long,Pass,100.0%,100.0%,100.0%,0.0 %,0.0 %
NYJ,4,very long,Run,0.0%,0.0%,0.0%,0.0 %,0.0 %
PHI,1,long,Pass,46.5%,49.4%,33.6%,2.8 %,-15.7 %
PHI,1,long,Run,53.5%,50.6%,66.4%,-2.8 %,15.7 %
PHI,1,medium,Pass,28.6%,20.0%,0.0%,-8.6 %,-20.0 %
PHI,1,medium,Run,71.4%,80.0%,100.0%,8.6 %,20.0 %
PHI,1,short,Pass,13.3%,9.1%,0.0%,-4.2 %,-9.1 %
PHI,1,short,Run,86.7%,90.9%,100.0%,4.2 %,9.1 %
PHI,1,very long,Pass,66.7%,71.4%,55.0%,4.8 %,-16.4 %
PHI,1,very long,Run,33.3%,28.6%,45.0%,-4.8 %,16.4 %
PHI,2,long,Pass,73.1%,70.3%,57.4%,-2.7 %,-12.9 %
PHI,2,long,Run,26.9%,29.7%,42.6%,2.7 %,12.9 %
PHI,2,medium,Pass,40.0%,53.5%,46.4%,13.5 %,-7.1 %
PHI,2,medium,Run,60.0%,46.5%,53.6%,-13.5 %,7.1 %
PHI,2,short,Pass,31.2%,38.2%,26.4%,7.1 %,-11.8 %
PHI,2,short,Run,68.8%,61.8%,73.6%,-7.1 %,11.8 %
PHI,2,very long,Pass,78.6%,76.4%,78.1%,-2.2 %,1.7 %
PHI,2,very long,Run,21.4%,23.6%,21.9%,2.2 %,-1.7 %
PHI,3,long,Pass,84.0%,79.6%,81.0%,-4.4 %,1.4 %
PHI,3,long,Run,16.0%,20.4%,19.0%,4.4 %,-1.4 %
PHI,3,medium,Pass,61.0%,66.2%,68.0%,5.3 %,1.7 %
PHI,3,medium,Run,39.0%,33.8%,32.0%,-5.3 %,-1.7 %
PHI,3,short,Pass,24.7%,37.9%,28.7%,13.2 %,-9.1 %
PHI,3,short,Run,75.3%,62.1%,71.2%,-13.2 %,9.1 %
PHI,3,very long,Pass,80.0%,85.0%,66.0%,5.0 %,-19.0 %
PHI,3,very long,Run,20.0%,15.0%,34.0%,-5.0 %,19.0 %
PHI,4,long,Pass,100.0%,100.0%,nan%,0.0 %,nan %
PHI,4,long,Run,0.0%,0.0%,nan%,0.0 %,nan %
PHI,4,medium,Pass,80.0%,100.0%,85.7%,20.0 %,-14.3 %
PHI,4,medium,Run,20.0%,0.0%,14.3%,-20.0 %,14.3 %
PHI,4,short,Pass,27.6%,30.0%,43.5%,2.4 %,13.5 %
PHI,4,short,Run,72.4%,70.0%,56.5%,-2.4 %,-13.5 %
PHI,4,very long,Pass,100.0%,100.0%,100.0%,0.0 %,0.0 %
PHI,4,very long,Run,0.0%,0.0%,0.0%,0.0 %,0.0 %
PIT,1,long,Pass,46.5%,42.4%,41.3%,-4.1 %,-1.1 %
PIT,1,long,Run,53.5%,57.6%,58.7%,4.1 %,1.1 %
PIT,1,medium,Pass,38.5%,20.0%,9.1%,-18.5 %,-10.9 %
PIT,1,medium,Run,61.5%,80.0%,90.9%,18.5 %,10.9 %
PIT,1,short,Pass,10.0%,37.5%,30.0%,27.5 %,-7.5 %
PIT,1,short,Run,90.0%,62.5%,70.0%,-27.5 %,7.5 %
PIT,1,very long,Pass,71.4%,71.4%,50.0%,0.0 %,-21.4 %
PIT,1,very long,Run,28.6%,28.6%,50.0%,0.0 %,21.4 %
PIT,2,long,Pass,59.3%,56.5%,57.6%,-2.8 %,1.0 %
PIT,2,long,Run,40.7%,43.5%,42.4%,2.8 %,-1.0 %
PIT,2,medium,Pass,40.7%,43.0%,45.8%,2.3 %,2.9 %
PIT,2,medium,Run,59.3%,57.0%,54.2%,-2.3 %,-2.9 %
PIT,2,short,Pass,35.6%,50.0%,37.7%,14.4 %,-12.3 %
PIT,2,short,Run,64.4%,50.0%,62.3%,-14.4 %,12.3 %
PIT,2,very long,Pass,81.6%,63.0%,73.0%,-18.6 %,10.0 %
PIT,2,very long,Run,18.4%,37.0%,27.0%,18.6 %,-10.0 %
PIT,3,long,Pass,92.0%,92.3%,88.0%,0.3 %,-4.3 %
PIT,3,long,Run,8.0%,7.7%,12.0%,-0.3 %,4.3 %
PIT,3,medium,Pass,90.3%,94.9%,73.0%,4.6 %,-21.9 %
PIT,3,medium,Run,9.7%,5.1%,27.0%,-4.6 %,21.9 %
PIT,3,short,Pass,50.0%,54.5%,56.2%,4.5 %,1.7 %
PIT,3,short,Run,50.0%,45.5%,43.8%,-4.5 %,-1.7 %
PIT,3,very long,Pass,87.5%,81.8%,88.0%,-5.7 %,6.2 %
PIT,3,very long,Run,12.5%,18.2%,12.0%,5.7 %,-6.2 %
PIT,4,long,Pass,100.0%,100.0%,nan%,0.0 %,nan %
PIT,4,long,Run,0.0%,0.0%,nan%,0.0 %,nan %
PIT,4,medium,Pass,100.0%,100.0%,100.0%,0.0 %,0.0 %
PIT,4,medium,Run,0.0%,0.0%,0.0%,0.0 %,0.0 %
PIT,4,short,Pass,30.0%,42.9%,7.7%,12.9 %,-35.2 %
PIT,4,short,Run,70.0%,57.1%,92.3%,-12.9 %,35.2 %
PIT,4,very long,Pass,100.0%,100.0%,100.0%,0.0 %,0.0 %
PIT,4,very long,Run,0.0%,0.0%,0.0%,0.0 %,0.0 %
SEA,1,long,Pass,52.7%,53.2%,58.4%,0.5 %,5.3 %
SEA,1,long,Run,47.3%,46.8%,41.6%,-0.5 %,-5.3 %
SEA,1,medium,Pass,36.4%,27.8%,43.8%,-8.6 %,16.0 %
SEA,1,medium,Run,63.6%,72.2%,56.2%,8.6 %,-16.0 %
SEA,1,short,Pass,33.3%,11.1%,16.7%,-22.2 %,5.6 %
SEA,1,short,Run,66.7%,88.9%,83.3%,22.2 %,-5.6 %
SEA,1,very long,Pass,66.7%,80.0%,70.8%,13.3 %,-9.2 %
SEA,1,very long,Run,33.3%,20.0%,29.2%,-13.3 %,9.2 %
SEA,2,long,Pass,63.8%,71.1%,67.5%,7.3 %,-3.6 %
SEA,2,long,Run,36.2%,28.9%,32.5%,-7.3 %,3.6 %
SEA,2,medium,Pass,59.7%,57.0%,55.1%,-2.7 %,-1.9 %
SEA,2,medium,Run,40.3%,43.0%,44.9%,2.7 %,1.9 %
SEA,2,short,Pass,37.9%,27.3%,41.7%,-10.7 %,14.4 %
SEA,2,short,Run,62.1%,72.7%,58.3%,10.7 %,-14.4 %
SEA,2,very long,Pass,74.2%,76.3%,80.3%,2.1 %,4.0 %
SEA,2,very long,Run,25.8%,23.7%,19.7%,-2.1 %,-4.0 %
SEA,3,long,Pass,88.9%,93.5%,94.9%,4.6 %,1.4 %
SEA,3,long,Run,11.1%,6.5%,5.1%,-4.6 %,-1.4 %
SEA,3,medium,Pass,83.9%,91.7%,91.5%,7.8 %,-0.1 %
SEA,3,medium,Run,16.1%,8.3%,8.5%,-7.8 %,0.1 %
SEA,3,short,Pass,54.8%,60.4%,59.3%,5.6 %,-1.2 %
SEA,3,short,Run,45.2%,39.6%,40.7%,-5.6 %,1.2 %
SEA,3,very long,Pass,84.1%,92.5%,72.7%,8.4 %,-19.8 %
SEA,3,very long,Run,15.9%,7.5%,27.3%,-8.4 %,19.8 %
SEA,4,long,Pass,66.7%,100.0%,100.0%,33.3 %,0.0 %
SEA,4,long,Run,33.3%,0.0%,0.0%,-33.3 %,0.0 %
SEA,4,medium,Pass,80.0%,100.0%,100.0%,20.0 %,0.0 %
SEA,4,medium,Run,20.0%,0.0%,0.0%,-20.0 %,0.0 %
SEA,4,short,Pass,58.3%,45.5%,28.6%,-12.9 %,-16.9 %
SEA,4,short,Run,41.7%,54.5%,71.4%,12.9 %,16.9 %
SEA,4,very long,Pass,50.0%,100.0%,nan%,50.0 %,nan %
SEA,4,very long,Run,50.0%,0.0%,nan%,-50.0 %,nan %
SF,1,long,Pass,43.0%,47.4%,47.8%,4.4 %,0.5 %
SF,1,long,Run,57.0%,52.6%,52.2%,-4.4 %,-0.5 %
SF,1,medium,Pass,18.2%,17.6%,42.9%,-0.5 %,25.2 %
SF,1,medium,Run,81.8%,82.4%,57.1%,0.5 %,-25.2 %
SF,1,short,Pass,7.7%,12.5%,0.0%,4.8 %,-12.5 %
SF,1,short,Run,92.3%,87.5%,100.0%,-4.8 %,12.5 %
SF,1,very long,Pass,76.0%,66.7%,80.8%,-9.3 %,14.1 %
SF,1,very long,Run,24.0%,33.3%,19.2%,9.3 %,-14.1 %
SF,2,long,Pass,61.9%,69.2%,56.4%,7.2 %,-12.8 %
SF,2,long,Run,38.1%,30.8%,43.6%,-7.2 %,12.8 %
SF,2,medium,Pass,45.9%,45.0%,49.1%,-0.9 %,4.1 %
SF,2,medium,Run,54.1%,55.0%,50.9%,0.9 %,-4.1 %
SF,2,short,Pass,19.7%,19.3%,40.4%,-0.4 %,21.1 %
SF,2,short,Run,80.3%,80.7%,59.6%,0.4 %,-21.1 %
SF,2,very long,Pass,82.7%,83.1%,71.1%,0.4 %,-12.0 %
SF,2,very long,Run,17.3%,16.9%,28.9%,-0.4 %,12.0 %
SF,3,long,Pass,83.9%,92.1%,85.4%,8.2 %,-6.7 %
SF,3,long,Run,16.1%,7.9%,14.6%,-8.2 %,6.7 %
SF,3,medium,Pass,88.7%,85.7%,85.9%,-3.0 %,0.2 %
SF,3,medium,Run,11.3%,14.3%,14.1%,3.0 %,-0.2 %
SF,3,short,Pass,46.8%,40.9%,51.0%,-5.9 %,10.1 %
SF,3,short,Run,53.2%,59.1%,49.0%,5.9 %,-10.1 %
SF,3,very long,Pass,81.1%,75.6%,82.9%,-5.5 %,7.3 %
SF,3,very long,Run,18.9%,24.4%,17.1%,5.5 %,-7.3 %
SF,4,long,Pass,100.0%,100.0%,nan%,0.0 %,nan %
SF,4,long,Run,0.0%,0.0%,nan%,0.0 %,nan %
SF,4,medium,Pass,75.0%,50.0%,100.0%,-25.0 %,50.0 %
SF,4,medium,Run,25.0%,50.0%,0.0%,25.0 %,-50.0 %
SF,4,short,Pass,33.3%,28.6%,41.7%,-4.8 %,13.1 %
SF,4,short,Run,66.7%,71.4%,58.3%,4.8 %,-13.1 %
SF,4,very long,Pass,nan%,100.0%,100.0%,nan %,0.0 %
SF,4,very long,Run,nan%,0.0%,0.0%,nan %,0.0 %
TB,1,long,Pass,58.6%,49.6%,47.7%,-9.0 %,-1.9 %
TB,1,long,Run,41.4%,50.4%,52.3%,9.0 %,1.9 %
TB,1,medium,Pass,45.5%,40.0%,46.7%,-5.5 %,6.7 %
TB,1,medium,Run,54.5%,60.0%,53.3%,5.5 %,-6.7 %
TB,1,short,Pass,50.0%,60.0%,42.9%,10.0 %,-17.1 %
TB,1,short,Run,50.0%,40.0%,57.1%,-10.0 %,17.1 %
TB,1,very long,Pass,55.6%,69.2%,80.0%,13.7 %,10.8 %
TB,1,very long,Run,44.4%,30.8%,20.0%,-13.7 %,-10.8 %
TB,2,long,Pass,82.4%,66.0%,63.4%,-16.4 %,-2.6 %
TB,2,long,Run,17.6%,34.0%,36.6%,16.4 %,2.6 %
TB,2,medium,Pass,73.0%,52.3%,55.2%,-20.8 %,3.0 %
TB,2,medium,Run,27.0%,47.7%,44.8%,20.8 %,-3.0 %
TB,2,short,Pass,48.8%,45.6%,33.3%,-3.2 %,-12.3 %
TB,2,short,Run,51.2%,54.4%,66.7%,3.2 %,12.3 %
TB,2,very long,Pass,91.7%,74.5%,73.7%,-17.2 %,-0.8 %
TB,2,very long,Run,8.3%,25.5%,26.3%,17.2 %,0.8 %
TB,3,long,Pass,98.0%,90.3%,84.6%,-7.7 %,-5.7 %
TB,3,long,Run,2.0%,9.7%,15.4%,7.7 %,5.7 %
TB,3,medium,Pass,96.1%,85.7%,71.2%,-10.4 %,-14.5 %
TB,3,medium,Run,3.9%,14.3%,28.7%,10.4 %,14.5 %
TB,3,short,Pass,57.4%,55.7%,56.2%,-1.7 %,0.5 %
TB,3,short,Run,42.6%,44.3%,43.8%,1.7 %,-0.5 %
TB,3,very long,Pass,94.9%,90.9%,86.0%,-4.0 %,-4.9 %
TB,3,very long,Run,5.1%,9.1%,14.0%,4.0 %,4.9 %
TB,4,long,Pass,100.0%,100.0%,100.0%,0.0 %,0.0 %
TB,4,long,Run,0.0%,0.0%,0.0%,0.0 %,0.0 %
TB,4,medium,Pass,100.0%,83.3%,100.0%,-16.7 %,16.7 %
TB,4,medium,Run,0.0%,16.7%,0.0%,16.7 %,-16.7 %
TB,4,short,Pass,42.9%,10.0%,25.0%,-32.9 %,15.0 %
TB,4,short,Run,57.1%,90.0%,75.0%,32.9 %,-15.0 %
TB,4,very long,Pass,100.0%,100.0%,nan%,0.0 %,nan %
TB,4,very long,Run,0.0%,0.0%,nan%,0.0 %,nan %
TEN,1,long,Pass,36.7%,46.8%,43.1%,10.1 %,-3.7 %
TEN,1,long,Run,63.3%,53.2%,56.9%,-10.1 %,3.7 %
TEN,1,medium,Pass,40.0%,14.3%,30.0%,-25.7 %,15.7 %
TEN,1,medium,Run,60.0%,85.7%,70.0%,25.7 %,-15.7 %
TEN,1,short,Pass,14.3%,33.3%,50.0%,19.0 %,16.7 %
TEN,1,short,Run,85.7%,66.7%,50.0%,-19.0 %,-16.7 %
TEN,1,very long,Pass,42.9%,76.5%,82.6%,33.6 %,6.1 %
TEN,1,very long,Run,57.1%,23.5%,17.4%,-33.6 %,-6.1 %
TEN,2,long,Pass,61.0%,59.0%,73.1%,-2.1 %,14.2 %
TEN,2,long,Run,39.0%,41.0%,26.9%,2.1 %,-14.2 %
TEN,2,medium,Pass,45.9%,50.0%,48.7%,4.1 %,-1.3 %
TEN,2,medium,Run,54.1%,50.0%,51.3%,-4.1 %,1.3 %
TEN,2,short,Pass,44.4%,23.4%,37.7%,-21.0 %,14.3 %
TEN,2,short,Run,55.6%,76.6%,62.3%,21.0 %,-14.3 %
TEN,2,very long,Pass,66.7%,71.7%,79.1%,5.0 %,7.4 %
TEN,2,very long,Run,33.3%,28.3%,20.9%,-5.0 %,-7.4 %
TEN,3,long,Pass,87.2%,91.5%,92.3%,4.3 %,0.8 %
TEN,3,long,Run,12.8%,8.5%,7.7%,-4.3 %,-0.8 %
TEN,3,medium,Pass,84.9%,87.8%,88.9%,2.9 %,1.1 %
TEN,3,medium,Run,15.1%,12.2%,11.1%,-2.9 %,-1.1 %
TEN,3,short,Pass,50.8%,55.3%,42.9%,4.5 %,-12.5 %
TEN,3,short,Run,49.2%,44.7%,57.1%,-4.5 %,12.5 %
TEN,3,very long,Pass,83.3%,85.4%,72.0%,2.0 %,-13.4 %
TEN,3,very long,Run,16.7%,14.6%,28.0%,-2.0 %,13.4 %
TEN,4,long,Pass,100.0%,100.0%,100.0%,0.0 %,0.0 %
TEN,4,long,Run,0.0%,0.0%,0.0%,0.0 %,0.0 %
TEN,4,medium,Pass,50.0%,100.0%,75.0%,50.0 %,-25.0 %
TEN,4,medium,Run,50.0%,0.0%,25.0%,-50.0 %,25.0 %
TEN,4,short,Pass,22.2%,46.2%,53.8%,23.9 %,7.7 %
TEN,4,short,Run,77.8%,53.8%,46.2%,-23.9 %,-7.7 %
TEN,4,very long,Pass,100.0%,33.3%,100.0%,-66.7 %,66.7 %
TEN,4,very long,Run,0.0%,66.7%,0.0%,66.7 %,-66.7 %
WAS,1,long,Pass,45.4%,61.8%,43.5%,16.5 %,-18.4 %
WAS,1,long,Run,54.6%,38.2%,56.5%,-16.5 %,18.4 %
WAS,1,medium,Pass,12.5%,61.5%,26.3%,49.0 %,-35.2 %
WAS,1,medium,Run,87.5%,38.5%,73.7%,-49.0 %,35.2 %
WAS,1,short,Pass,16.7%,50.0%,20.0%,33.3 %,-30.0 %
WAS,1,short,Run,83.3%,50.0%,80.0%,-33.3 %,30.0 %
WAS,1,very long,Pass,63.6%,66.7%,61.9%,3.0 %,-4.8 %
WAS,1,very long,Run,36.4%,33.3%,38.1%,-3.0 %,4.8 %
WAS,2,long,Pass,53.6%,69.6%,67.1%,16.0 %,-2.5 %
WAS,2,long,Run,46.4%,30.4%,32.9%,-16.0 %,2.5 %
WAS,2,medium,Pass,46.3%,57.7%,52.9%,11.5 %,-4.9 %
WAS,2,medium,Run,53.7%,42.3%,47.1%,-11.5 %,4.9 %
WAS,2,short,Pass,36.5%,53.8%,23.8%,17.3 %,-30.0 %
WAS,2,short,Run,63.5%,46.2%,76.2%,-17.3 %,30.0 %
WAS,2,very long,Pass,64.0%,73.7%,78.3%,9.7 %,4.6 %
WAS,2,very long,Run,36.0%,26.3%,21.7%,-9.7 %,-4.6 %
WAS,3,long,Pass,92.7%,95.9%,87.8%,3.2 %,-8.2 %
WAS,3,long,Run,7.3%,4.1%,12.2%,-3.2 %,8.2 %
WAS,3,medium,Pass,88.2%,84.5%,85.0%,-3.7 %,0.5 %
WAS,3,medium,Run,11.8%,15.5%,15.0%,3.7 %,-0.5 %
WAS,3,short,Pass,50.0%,58.5%,48.3%,8.5 %,-10.2 %
WAS,3,short,Run,50.0%,41.5%,51.7%,-8.5 %,10.2 %
WAS,3,very long,Pass,88.6%,84.4%,76.1%,-4.2 %,-8.4 %
WAS,3,very long,Run,11.4%,15.6%,23.9%,4.2 %,8.4 %
WAS,4,long,Pass,100.0%,100.0%,100.0%,0.0 %,0.0 %
WAS,4,long,Run,0.0%,0.0%,0.0%,0.0 %,0.0 %
WAS,4,medium,Pass,100.0%,100.0%,87.5%,0.0 %,-12.5 %
WAS,4,medium,Run,0.0%,0.0%,12.5%,0.0 %,12.5 %
WAS,4,short,Pass,29.4%,70.0%,33.3%,40.6 %,-36.7 %
WAS,4,short,Run,70.6%,30.0%,66.7%,-40.6 %,36.7 %
WAS,4,very long,Pass,100.0%,50.0%,50.0%,-50.0 %,0.0 %
WAS,4,very long,Run,0.0%,50.0%,50.0%,50.0 %,0.0 %
